{
  "num_features": 31,
  "features": [
    "koi_score",
    "koi_fpflag_nt",
    "koi_fpflag_ec",
    "koi_period",
    "koi_time0bk",
    "koi_time0bk_err1",
    "koi_time0bk_err2",
    "koi_impact",
    "koi_impact_err1",
    "koi_impact_err2",
    "koi_duration",
    "koi_duration_err1",
    "koi_duration_err2",
    "koi_depth",
    "koi_prad",
    "koi_teq",
    "koi_insol",
    "koi_insol_err2",
    "koi_model_snr",
    "koi_steff",
    "koi_steff_err1",
    "koi_steff_err2",
    "koi_slogg",
    "koi_slogg_err1",
    "koi_slogg_err2",
    "koi_srad",
    "koi_srad_err1",
    "koi_srad_err2",
    "ra",
    "dec",
    "koi_kepmag"
  ],
  "importance": {
    "koi_score": 0.3180359627153659,
    "koi_fpflag_nt": 0.08659754627527542,
    "koi_fpflag_ec": 0.03391655230769659,
    "koi_period": 0.027282371402180882,
    "koi_time0bk": 0.011443248468695327,
    "koi_time0bk_err1": 0.0222806498867497,
    "koi_time0bk_err2": 0.01923262545610119,
    "koi_impact": 0.017783237878667455,
    "koi_impact_err1": 0.00896569258895126,
    "koi_impact_err2": 0.006319873598722222,
    "koi_duration": 0.014455182627898,
    "koi_duration_err1": 0.03037935347074699,
    "koi_duration_err2": 0.0341198755251685,
    "koi_depth": 0.030908142550506768,
    "koi_prad": 0.06439345564359727,
    "koi_teq": 0.01495923598792116,
    "koi_insol": 0.019242824015256888,
    "koi_insol_err2": 0.014690963044634589,
    "koi_model_snr": 0.07512372040978453,
    "koi_steff": 0.005896048729318554,
    "koi_steff_err1": 0.03811907972217151,
    "koi_steff_err2": 0.036380937369628844,
    "koi_slogg": 0.007545342195211568,
    "koi_slogg_err1": 0.004885106414340907,
    "koi_slogg_err2": 0.011173493276794838,
    "koi_srad": 0.007679582711168489,
    "koi_srad_err1": 0.014463847307142392,
    "koi_srad_err2": 0.005147900373330563,
    "ra": 0.00591067498974539,
    "dec": 0.005967950777949227,
    "koi_kepmag": 0.006699522279277117
  }
}