{
  "num_features": 32,
  "features": [
    "koi_score",
    "koi_fpflag_ec",
    "koi_period",
    "koi_period_err1",
    "koi_period_err2",
    "koi_time0bk",
    "koi_time0bk_err1",
    "koi_time0bk_err2",
    "koi_impact",
    "koi_impact_err1",
    "koi_impact_err2",
    "koi_duration",
    "koi_duration_err1",
    "koi_duration_err2",
    "koi_depth",
    "koi_prad",
    "koi_prad_err1",
    "koi_prad_err2",
    "koi_teq",
    "koi_insol",
    "koi_insol_err1",
    "koi_model_snr",
    "koi_tce_plnt_num",
    "koi_steff",
    "koi_slogg",
    "koi_slogg_err1",
    "koi_slogg_err2",
    "koi_srad",
    "koi_srad_err1",
    "koi_srad_err2",
    "ra",
    "dec"
  ],
  "importance": {
    "koi_score": 0.32690513188556714,
    "koi_fpflag_ec": 0.03379041955268292,
    "koi_period": 0.029097730028303452,
    "koi_period_err1": 0.020338343231762993,
    "koi_period_err2": 0.017305891398282057,
    "koi_time0bk": 0.010835185419911209,
    "koi_time0bk_err1": 0.024427640223978107,
    "koi_time0bk_err2": 0.023769024922960867,
    "koi_impact": 0.01504672327748448,
    "koi_impact_err1": 0.0077877606738920736,
    "koi_impact_err2": 0.005764390070560808,
    "koi_duration": 0.01743778373255851,
    "koi_duration_err1": 0.037517692706727016,
    "koi_duration_err2": 0.0393470891764956,
    "koi_depth": 0.025796140811910305,
    "koi_prad": 0.05983126702397417,
    "koi_prad_err1": 0.04419472196046878,
    "koi_prad_err2": 0.034217470158432496,
    "koi_teq": 0.017379147639796623,
    "koi_insol": 0.018695173805963666,
    "koi_insol_err1": 0.02584387957697696,
    "koi_model_snr": 0.07237517226639001,
    "koi_tce_plnt_num": 0.003337804003321954,
    "koi_steff": 0.006626535459971006,
    "koi_slogg": 0.006621647261680023,
    "koi_slogg_err1": 0.005948671080561476,
    "koi_slogg_err2": 0.017694492445570136,
    "koi_srad": 0.006887531738630123,
    "koi_srad_err1": 0.024094088483153676,
    "koi_srad_err2": 0.005942427419465194,
    "ra": 0.006170733539398015,
    "dec": 0.008972289023168186
  }
}