{
  "num_features": 36,
  "features": [
    "koi_score",
    "koi_fpflag_nt",
    "koi_fpflag_ec",
    "koi_period",
    "koi_period_err1",
    "koi_period_err2",
    "koi_time0bk",
    "koi_time0bk_err1",
    "koi_time0bk_err2",
    "koi_impact",
    "koi_impact_err1",
    "koi_impact_err2",
    "koi_duration",
    "koi_duration_err1",
    "koi_duration_err2",
    "koi_depth",
    "koi_prad",
    "koi_prad_err1",
    "koi_prad_err2",
    "koi_teq",
    "koi_insol",
    "koi_insol_err1",
    "koi_insol_err2",
    "koi_model_snr",
    "koi_steff",
    "koi_steff_err1",
    "koi_steff_err2",
    "koi_slogg",
    "koi_slogg_err1",
    "koi_slogg_err2",
    "koi_srad",
    "koi_srad_err1",
    "koi_srad_err2",
    "ra",
    "dec",
    "koi_kepmag"
  ],
  "importance": {
    "koi_score": 0.3005287004314664,
    "koi_fpflag_nt": 0.0841345954037005,
    "koi_fpflag_ec": 0.0277904306412104,
    "koi_period": 0.022071012698172816,
    "koi_period_err1": 0.013917777733305749,
    "koi_period_err2": 0.011903029251633336,
    "koi_time0bk": 0.008220654255507106,
    "koi_time0bk_err1": 0.020317440367859207,
    "koi_time0bk_err2": 0.01814079187437236,
    "koi_impact": 0.012774948249410169,
    "koi_impact_err1": 0.0059791533163034835,
    "koi_impact_err2": 0.005884371186544405,
    "koi_duration": 0.014502900097518387,
    "koi_duration_err1": 0.02961337474867053,
    "koi_duration_err2": 0.03354932066290918,
    "koi_depth": 0.017331181768100033,
    "koi_prad": 0.04990419593065617,
    "koi_prad_err1": 0.03204164451334149,
    "koi_prad_err2": 0.03677047652600187,
    "koi_teq": 0.012324105723335275,
    "koi_insol": 0.013526705187918263,
    "koi_insol_err1": 0.014349547001945816,
    "koi_insol_err2": 0.01089242013673447,
    "koi_model_snr": 0.07001617701397676,
    "koi_steff": 0.004978197424421123,
    "koi_steff_err1": 0.038846152078188124,
    "koi_steff_err2": 0.03934540409744143,
    "koi_slogg": 0.00528246279852158,
    "koi_slogg_err1": 0.003949623419441165,
    "koi_slogg_err2": 0.008133547936338022,
    "koi_srad": 0.005691431612030751,
    "koi_srad_err1": 0.006523570486473793,
    "koi_srad_err2": 0.004402987797657301,
    "ra": 0.00489908785941488,
    "dec": 0.0059842731105243015,
    "koi_kepmag": 0.005478306658953319
  }
}