{
  "num_features": 31,
  "features": [
    "koi_score",
    "koi_fpflag_nt",
    "koi_fpflag_ec",
    "koi_period",
    "koi_time0bk",
    "koi_time0bk_err1",
    "koi_time0bk_err2",
    "koi_impact",
    "koi_impact_err1",
    "koi_impact_err2",
    "koi_duration",
    "koi_duration_err1",
    "koi_duration_err2",
    "koi_depth",
    "koi_prad",
    "koi_teq",
    "koi_insol",
    "koi_insol_err2",
    "koi_model_snr",
    "koi_steff",
    "koi_steff_err1",
    "koi_steff_err2",
    "koi_slogg",
    "koi_slogg_err1",
    "koi_slogg_err2",
    "koi_srad",
    "koi_srad_err1",
    "koi_srad_err2",
    "ra",
    "dec",
    "koi_kepmag"
  ],
  "importance": {
    "koi_score": 0.30135717520990846,
    "koi_fpflag_nt": 0.08405894629422138,
    "koi_fpflag_ec": 0.03320991575255859,
    "koi_period": 0.024959293495777423,
    "koi_time0bk": 0.010776095342839118,
    "koi_time0bk_err1": 0.022751914586581032,
    "koi_time0bk_err2": 0.022047949701055808,
    "koi_impact": 0.018126052009595946,
    "koi_impact_err1": 0.00840558272012386,
    "koi_impact_err2": 0.006658996124070252,
    "koi_duration": 0.01495733852052637,
    "koi_duration_err1": 0.032910479453191754,
    "koi_duration_err2": 0.03157500542724018,
    "koi_depth": 0.03141454960953902,
    "koi_prad": 0.06936859957814993,
    "koi_teq": 0.018089317924357824,
    "koi_insol": 0.021954127134788885,
    "koi_insol_err2": 0.015420453167854863,
    "koi_model_snr": 0.07542810616995484,
    "koi_steff": 0.005856886994810391,
    "koi_steff_err1": 0.04100887558172912,
    "koi_steff_err2": 0.03795636233007442,
    "koi_slogg": 0.007705758764364772,
    "koi_slogg_err1": 0.005151726417120539,
    "koi_slogg_err2": 0.011683259691316793,
    "koi_srad": 0.006932878160717479,
    "koi_srad_err1": 0.01641697960188449,
    "koi_srad_err2": 0.005019189615586994,
    "ra": 0.0060065559186483295,
    "dec": 0.006173795150842423,
    "koi_kepmag": 0.00661783355056875
  }
}