{
  "num_features": 35,
  "features": [
    "koi_score",
    "koi_fpflag_nt",
    "koi_fpflag_ec",
    "koi_period",
    "koi_time0bk",
    "koi_time0bk_err1",
    "koi_impact",
    "koi_impact_err1",
    "koi_impact_err2",
    "koi_duration",
    "koi_duration_err1",
    "koi_duration_err2",
    "koi_depth",
    "koi_depth_err1",
    "koi_depth_err2",
    "koi_prad",
    "koi_prad_err1",
    "koi_prad_err2",
    "koi_teq",
    "koi_insol",
    "koi_insol_err1",
    "koi_insol_err2",
    "koi_model_snr",
    "koi_steff",
    "koi_steff_err1",
    "koi_steff_err2",
    "koi_slogg",
    "koi_slogg_err1",
    "koi_slogg_err2",
    "koi_srad",
    "koi_srad_err1",
    "koi_srad_err2",
    "ra",
    "dec",
    "koi_kepmag"
  ],
  "importance": {
    "koi_score": 0.2615916656171193,
    "koi_fpflag_nt": 0.08801182794926933,
    "koi_fpflag_ec": 0.02844728855797459,
    "koi_period": 0.02789324700937925,
    "koi_time0bk": 0.0086832696050686,
    "koi_time0bk_err1": 0.023440032540312395,
    "koi_impact": 0.010783277586845417,
    "koi_impact_err1": 0.006180411255253288,
    "koi_impact_err2": 0.006267472984945338,
    "koi_duration": 0.01359729640783415,
    "koi_duration_err1": 0.038600824495423326,
    "koi_duration_err2": 0.03293607580288324,
    "koi_depth": 0.02412882061170519,
    "koi_depth_err1": 0.009480232571070923,
    "koi_depth_err2": 0.008029616598356621,
    "koi_prad": 0.053671431821308346,
    "koi_prad_err1": 0.03732394739798996,
    "koi_prad_err2": 0.03330198763602918,
    "koi_teq": 0.01726012416770234,
    "koi_insol": 0.017097863917399907,
    "koi_insol_err1": 0.013497508586958603,
    "koi_insol_err2": 0.012672886557605586,
    "koi_model_snr": 0.06817710588460084,
    "koi_steff": 0.005307336923238402,
    "koi_steff_err1": 0.043918992399923334,
    "koi_steff_err2": 0.046163412132628125,
    "koi_slogg": 0.007322332074801736,
    "koi_slogg_err1": 0.0048269724708054195,
    "koi_slogg_err2": 0.011697735302183213,
    "koi_srad": 0.0058558197814063484,
    "koi_srad_err1": 0.011741087445594465,
    "koi_srad_err2": 0.005727391700226268,
    "ra": 0.00527075443918039,
    "dec": 0.005662207891057191,
    "koi_kepmag": 0.005431741875919394
  }
}