{
  "num_features": 19,
  "features": [
    "koi_score",
    "koi_period",
    "koi_period_err1",
    "koi_time0bk",
    "koi_time0bk_err1",
    "koi_impact",
    "koi_duration",
    "koi_depth",
    "koi_prad",
    "koi_teq",
    "koi_insol",
    "koi_model_snr",
    "koi_tce_plnt_num",
    "koi_steff",
    "koi_slogg",
    "koi_srad",
    "ra",
    "dec",
    "koi_kepmag"
  ],
  "importance": {
    "koi_score": 0.41314184407262755,
    "koi_period": 0.04296136227763486,
    "koi_period_err1": 0.0318081902732022,
    "koi_time0bk": 0.017101506065051442,
    "koi_time0bk_err1": 0.06250017147562219,
    "koi_impact": 0.0322337983663712,
    "koi_duration": 0.022661062224559422,
    "koi_depth": 0.047816449367252885,
    "koi_prad": 0.0825498424679775,
    "koi_teq": 0.03358319518744022,
    "koi_insol": 0.03049651316998643,
    "koi_model_snr": 0.10205612733585565,
    "koi_tce_plnt_num": 0.007853703106226354,
    "koi_steff": 0.013396185665194784,
    "koi_slogg": 0.011787470947209791,
    "koi_srad": 0.011789286740919929,
    "ra": 0.010226591211897933,
    "dec": 0.01444312881918025,
    "koi_kepmag": 0.01159357122578953
  }
}