{
  "num_features": 48,
  "features": [
    "ra",
    "dec",
    "st_pmra",
    "st_pmraerr1",
    "st_pmraerr2",
    "st_pmralim",
    "st_pmdec",
    "st_pmdecerr2",
    "st_pmdeclim",
    "pl_tranmid",
    "pl_tranmiderr2",
    "pl_tranmidlim",
    "pl_orbper",
    "pl_orbpererr2",
    "pl_orbperlim",
    "pl_trandurh",
    "pl_trandurherr2",
    "pl_trandurhlim",
    "pl_trandep",
    "pl_trandeperr1",
    "pl_trandeperr2",
    "pl_trandeplim",
    "pl_rade",
    "pl_radeerr1",
    "pl_radeerr2",
    "pl_radelim",
    "pl_insol",
    "pl_eqt",
    "st_tmag",
    "st_tmagerr1",
    "st_tmagerr2",
    "st_tmaglim",
    "st_dist",
    "st_disterr1",
    "st_disterr2",
    "st_distlim",
    "st_teff",
    "st_tefferr1",
    "st_tefferr2",
    "st_tefflim",
    "st_logg",
    "st_loggerr1",
    "st_loggerr2",
    "st_logglim",
    "st_rad",
    "st_raderr1",
    "st_raderr2",
    "st_radlim"
  ],
  "importance": {
    "ra": 0.016262242610965812,
    "dec": 0.022134659516318548,
    "st_pmra": 0.016203200099732532,
    "st_pmraerr1": 0.018051421580593686,
    "st_pmraerr2": 0.016973485706397763,
    "st_pmralim": 0.0,
    "st_pmdec": 0.015505930704360722,
    "st_pmdecerr2": 0.018667228858704386,
    "st_pmdeclim": 0.0,
    "pl_tranmid": 0.053099992407349236,
    "pl_tranmiderr2": 0.0503906235058596,
    "pl_tranmidlim": 0.0,
    "pl_orbper": 0.04059629962615758,
    "pl_orbpererr2": 0.030959253691355965,
    "pl_orbperlim": 0.0,
    "pl_trandurh": 0.02719192191812663,
    "pl_trandurherr2": 0.05223908726322298,
    "pl_trandurhlim": 0.0,
    "pl_trandep": 0.03583092688697201,
    "pl_trandeperr1": 0.02272675183784187,
    "pl_trandeperr2": 0.020678858292606964,
    "pl_trandeplim": 0.0,
    "pl_rade": 0.03687188225794422,
    "pl_radeerr1": 0.023110722291104384,
    "pl_radeerr2": 0.024164109781008962,
    "pl_radelim": 0.0,
    "pl_insol": 0.05006753931404646,
    "pl_eqt": 0.044964436680840734,
    "st_tmag": 0.08107398376708815,
    "st_tmagerr1": 0.0049117200411376545,
    "st_tmagerr2": 0.005061931051096722,
    "st_tmaglim": 0.0,
    "st_dist": 0.04474868737407016,
    "st_disterr1": 0.035971799623452455,
    "st_disterr2": 0.03245392019827072,
    "st_distlim": 0.0,
    "st_teff": 0.020899963128489282,
    "st_tefferr1": 0.017743301285425266,
    "st_tefferr2": 0.01827855314628258,
    "st_tefflim": 0.0,
    "st_logg": 0.017357966440886174,
    "st_loggerr1": 0.016660294027148324,
    "st_loggerr2": 0.017029976502921616,
    "st_logglim": 0.0,
    "st_rad": 0.020052496326361257,
    "st_raderr1": 0.016309856327978944,
    "st_raderr2": 0.014754975927879667,
    "st_radlim": 0.0
  }
}